  insert into mengeneinheiten values ('St','Stück');
	insert into mengeneinheiten values ('Gros','Gros(144 Stück)');
	insert into mengeneinheiten values ('Sack1','25-Zentner-Sack');
	insert into mengeneinheiten values ('Sack2','50-Zentner-Sack');
	insert into mengeneinheiten values ('5er','5er-Pack');
	insert into mengeneinheiten values ('25er','25er-Pack');
  
  insert into artikel values (50001004,'Madonna mit Kind 40cm','S',NULL,'St',9,189);
	insert into artikel values (50001006,'Madonna mit Kind 60cm','S',NULL,'St',4,298);
	insert into artikel values (10002510,'Drechselbank DB 1000 220V','M','Spitzenweite 1000 mm, Spitzenhöhe 200 mm, Drehzahlen 250-650-1300-2200-3000 U/min','St',2,2850);
	insert into artikel values (10003510,'Drechselbank DB 1000 380V','M','Spitzenweite 1000 mm, Spitzenhöhe 200 mm, Drehzahlen 250-650-1300-2200-3000 U/min','St',2,2750);
	insert into artikel values (20001016,'Drehmeißel 16mm HSS','W',NULL,'St',20,65);
	insert into artikel values (20002030,'Schruppröhre 30mm HSS','W',NULL,'St',15,136);
	insert into artikel values (20003013,'Schalenröhre 13mm HSS','W',NULL,'St',18,92);
	insert into artikel values (20001116,'Drehmeißel 16mm WS','W',NULL,'St',20,65);
	insert into artikel values (20002130,'Schruppröhre 30mm WS','W',NULL,'St',15,105);
	insert into artikel values (20003019,'Schalenröhre 19mm HSS','W',NULL,'St',18,118);
	insert into artikel values (50001104,'Nachtwächter mit Laterne 40cm','S',NULL,'St',8,194);
	insert into artikel values (50001406,'Katze liegend','S',NULL,'St',10,86);
	insert into artikel values (20004004,'Abstechstahl 4mm HSS','W',NULL,'St',14,72);
	insert into artikel values (20004104,'Abstechstahl 4mm WS','W',NULL,'St',9,41);
	insert into artikel values (20004002,'Abstechstahl 2mm HSS','W',NULL,'St',10,67);
	insert into artikel values (20004010,'Plattenstahl 10mm HSS','W',NULL,'St',12,89);
	insert into artikel values (20002512,'Formröhre 12mm HSS','W',NULL,'St',16,82);
	insert into artikel values (20002506,'Formröhre 6mm HSS','W',NULL,'St',8,56);
	insert into artikel values (20101000,'Satz mit 12 Schnitzwerkzeugen','W',NULL,'St',9,432);
	insert into artikel values (20101010,'Satz mit 6 Schnitzwerkzeugen','W',NULL,'St',15,212);
	insert into artikel values (10105518,'Bandsäge BS 180 220V','M','Durchlaßhöhe 180mm, Durchlaßbreite 350mm, Geschw. 500m/min und 800 m/min','St',3,1370);
	insert into artikel values (10106518,'Bandsäge BS 180 380V','M','Durchlaßhöhe 180mm, Durchlaßbreite 350mm, Geschw. 500m/min und 800 m/min','St',2,1320);
	insert into artikel values (10205010,'Schleifmaschine SM 250','M','Schleifscheibe und Schleifband, für Trockenschliff','St',7,495);
	insert into artikel values (10303040,'Feinschnittsäge','M','Durchlaßhöhe 60mm, Durchlaßtiefe 400mm, Geschw. stufenlos regelbar von 0-1400 Hübe/min','St',5,1190);
	insert into artikel values (10303041,'Sägeblatt-Sortiment zu 10303040','Z',NULL,'Gros',32,38);
	insert into artikel values (10303042,'Lupenleuchte zu 10303040','Z',NULL,'St',8,178);
	insert into artikel values (10303043,'Fußschalter zu 10303040','Z',NULL,'St',14,79);
	insert into artikel values (90001060,'Kugelschreiber-Bausatz','B',NULL,'5er',35,28);
	insert into artikel values (90001075,'Pfeffermühlen-Bausatz','B',NULL,'5er',26,63);
	insert into artikel values (90001080,'Petroleumlampen-Bausatz Messing','B',NULL,'St',18,69);
	insert into artikel values (90001085,'Petroleumlampen-Bausatz brüniert','B',NULL,'St',18,69);
	insert into artikel values (90001070,'Pfeffermühlen-Bausatz','B',NULL,'St',45,15);
	insert into artikel values (90002125,'Holz-Sortiment 1','H','überwiegend kleine Teile','Sack1',18,90);
	insert into artikel values (90002150,'Holz-Sortiment 1','H','überwiegend kleine Teile','Sack2',12,170);
	insert into artikel values (90002225,'Holz-Sortiment 2','H','überwiegend große Teile','Sack1',19,110);
	insert into artikel values (90002250,'Holz-Sortiment 2','H','überwiegend große Teile','Sack2',11,205);
	insert into artikel values (50001704,'Jäger 40cm','S',NULL,'St',10,172);
	insert into artikel values (50001905,'Tanzpaar 50cm','S',NULL,'St',5,358);
	insert into artikel values (50001706,'Jäger 60cm','S',NULL,'St',10,273);
	insert into artikel values (50002308,'Relief Herbstblumen 60x80cm','S',NULL,'St',7,243);
	insert into artikel values (90001061,'Kugelschreiber-Bausatz','B',NULL,'25er',17,125);
	insert into artikel values (20205010,'Abziehstein','W',NULL,'St',14,46);
	insert into artikel values (20002520,'Formröhre 20mm HSS','W',NULL,'St',12,104);
	insert into artikel values (20002510,'Formröhre 10mm HSS','W',NULL,'St',9,75);
	insert into artikel values (50002608,'Relief Sommer 60x80cm','S',NULL,'St',4,272);
	insert into artikel values (50002708,'Relief Frühling 60x80cm','S',NULL,'St',3,272);
	insert into artikel values (50002808,'Relief Herbst 60x80cm','S',NULL,'St',5,272);
	insert into artikel values (50002908,'Relief Winter 60x80cm','S',NULL,'St',7,272);
	insert into artikel values (50003302,'Fußballspieler 20cm','S',NULL,'St',3,86);
	insert into artikel values (50004302,'Tennisspieler 20cm','S',NULL,'St',5,94);
  
  insert into kunden values (66111023,'Müller','Hubert','Herr','Bahnhofstr.27',66111,'Saarbrücken','(0681) 47112',NULL,NULL,to_date('11.11.2000', 'dd.mm.yyyy'),2304.50);
	insert into kunden values (66115017,'Grün','Albert','Herr','Markusstr.13',66115,'Saarbrücken','(0681)12798',NULL,NULL,to_date('11.11.2000', 'dd.mm.yyyy'),1801.35);
	insert into kunden values (66128028,'Maier','Horst','Herr','Mainzerstr.118',66128,'Saarbrücken','(0681)21172',NULL,NULL,to_date('01.11.2000', 'dd.mm.yyyy'),574.85);
	insert into kunden values (66299142,'Schmidt','Christine','Frau','Hafenstr.45',66299,'Friedrichsthal','(06897)54278','(06897)54277',NULL,to_date('05.11.2000', 'dd.mm.yyyy'),798.95);
	insert into kunden values (66424007,'Zufall','Rainer','Herr','Klinikstr.32',66424,'Homburg','(06841)48912','(06841)48913','rzufall@tonline.de',to_date('03.11.2000', 'dd.mm.yyyy'),3556.00);
	insert into kunden values (68229017,'Bauer','Renate','Frau Dr.','Bremerstr.99',68229,'Mannheim','(06203)74449',NULL,NULL,to_date('04.11.1999', 'dd.mm.yyyy'),2331.50);
	insert into kunden values (58829021,'Becker','Stefanie','Frau','Ottostr.12',58829,'Plettenberg','(02391)4251','(02391)4251',NULL,to_date('09.11.2000', 'dd.mm.yyyy'),488.00);
	insert into kunden values (58829012,'Schmidt','Peter','Herr Dr.','Hauptstr.34',58829,'Plettenberg','(02391)93251',NULL,NULL,to_date('09.11.2000', 'dd.mm.yyyy'),4305.80);
	insert into kunden values (66386101,'Müller','Hans','Herr','Davidstr.14',66386,'St.Ingbert','(06894)99174','(06894)99175','hmüller@solplus.de',to_date('01.01.2000', 'dd.mm.yyyy'),1550.00);
	insert into kunden values (66424021,'Schweitzer','Albert','Herr Dr.','Reckumer Ring 82',66424,'Homburg','(06841)23071',NULL,NULL,to_date('01.11.2000', 'dd.mm.yyyy'),4991.25);
	insert into kunden values (68229031,'Dürer','Ulrike','Frau','Schlossweg 1',68229,'Mannheim','(06203)23669','(06203)23669',NULL,to_date('09.11.2000', 'dd.mm.yyyy'),5021.85);
	insert into kunden values (68229009,'Becker','Hilde','Frau','Heinzstr.47',68229,'Mannheim','(06203)21664','(06203)23101','hilde@fambeck.de',to_date('04.11.2000', 'dd.mm.yyyy'),250.50);
	insert into kunden values (68542013,'Gates','Bill','Herr','Windowsstr.95',68542,'Heddesheim','(06203)955901','(06203)955902','bigbillie@aol.de',to_date('27.11.2000', 'dd.mm.yyyy'),3818.75);
	insert into kunden values (66111056,'Welte','Nadine','Frau Dr.','Bankstr.89',66111,'Saarbrücken','(0681)53142',NULL,NULL,to_date('07.11.2000', 'dd.mm.yyyy'),798.95);
	insert into kunden values (66386015,'Bohn','Sandra','Frau','Mühlenweg.3',66386,'St.Ingbert','(06894)25686',NULL,NULL,to_date('03.11.2000', 'dd.mm.yyyy'),4423.50);
	insert into kunden values (58829032,'Maier','Michael','Herr','Saturnstr.12',58829,'Plettenberg','(02391)25668','(02391)256296','leachimsnow@tonline.de',to_date('03.11.2000', 'dd.mm.yyyy'),1500.00);
	insert into kunden values (66299110,'Frost','Jacques','Herr Dr.','In der Grät 5',66299,'Friedrichsthal','(06897)45367',NULL,NULL,to_date('13.11.2000', 'dd.mm.yyyy'),1720.20);
	insert into kunden values (68542051,'Wund','Torben','Herr','Closstr.4',68542,'Heddesheim','(06203)63315','(06203)24301',NULL,to_date('26.07.2000', 'dd.mm.yyyy'),1301.45);
	insert into kunden values (66128043,'Bauer','Nicole','Frau','Homburgerstr.47',66128,'Saarbrücken','(0681)5741','(0681)5742','nbauer@solplus.de',to_date('04.11.2000', 'dd.mm.yyyy'),2196.95);
	insert into kunden values (66280006,'Maurer','Werner','Herr Dr.','Lohnstr.33',66280,'Sulzbach','(06897)23110',NULL,NULL,to_date('10.11.2000', 'dd.mm.yyyy'),289.50);
	insert into kunden values (66386011,'Schmidt','Anna','Frau','Poststr.50',66386,'St.Ingbert','(06894)43364',NULL,NULL,to_date('02.11.2000', 'dd.mm.yyyy'),235.00);
	insert into kunden values (66424005,'Erb','Andrea','Frau','Turmweg 32',66424,'Homburg','(06841)72281','(06841)72281',NULL,to_date('03.11.2000', 'dd.mm.yyyy'),966.95);
	insert into kunden values (68229034,'Braun','Wolfgang','Herr','Museumsstr.84',68229,'Mannheim','(06203)53321','(06203)53319','wolle@tonline.de',to_date('06.11.2000', 'dd.mm.yyyy'),3773.36);
	insert into kunden values (66280004,'Schmidt','Klaus','Herr Dr.','Bergweg.1',66280,'Sulzbach','(06897)32127','(06897)32127',NULL,to_date('10.11.2000', 'dd.mm.yyyy'),566.00);
	insert into kunden values (58829043,'Maier','Daniela','Frau','Parkstr.35',58829,'Plettenberg','(02391)64435','(02391)64430','dmaier@aol.de',to_date('09.11.2000', 'dd.mm.yyyy'),2345.89);
	insert into kunden values (66111019,'Grün','Stefan','Herr','Wasserturmstr.78',66111,'Saarbrücken','(0681)54663','(0681)51682',NULL,to_date('28.10.2000', 'dd.mm.yyyy'),622.29);
	insert into kunden values (68542037,'Andres','Peter','Herr','Closstr.28',68542,'Heddesheim','(06203)94423',NULL,NULL,to_date('01.11.2000', 'dd.mm.yyyy'),455.50);
	insert into kunden values (66128045,'Schweitzer','Andreas','Herr Dr.','Janstr.42',66128,'Saarbrücken','(0681)56643','(0681)56643','superman@solplus.de',to_date('02.11.2000', 'dd.mm.yyyy'),4104.00);
	insert into kunden values (66299018,'Strader','Barbara','Frau','Auf dem Feld 11',66299,'Friedrichsthal','(06897)21143',NULL,NULL,to_date('08.11.2000', 'dd.mm.yyyy'),1441.00);
	insert into kunden values (66386006,'Altmeyer','Monika','Frau','Kopernikusstr.39',66386,'St.Ingbert','(06894)39275','(06894)39213',NULL,to_date('29.10.2000', 'dd.mm.yyyy'),340.50);

	insert into bestellungen values (23151,66128028,to_date('01.11.2000', 'dd.mm.yyyy'),to_date('05.11.2000', 'dd.mm.yyyy'),1523,NULL);
	insert into bestellungen values (23152,66386006,to_date('29.10.2000', 'dd.mm.yyyy'),to_date('02.11.2000', 'dd.mm.yyyy'),410,NULL);
	insert into bestellungen values (23153,66128043,to_date('04.11.2000', 'dd.mm.yyyy'),to_date('10.11.2000', 'dd.mm.yyyy'),1496,NULL);
	insert into bestellungen values (23154,66111019,to_date('15.10.2000', 'dd.mm.yyyy'),to_date('06.11.2000', 'dd.mm.yyyy'),207,NULL);
	insert into bestellungen values (23155,66299142,to_date('05.11.2000', 'dd.mm.yyyy'),to_date('08.11.2000', 'dd.mm.yyyy'),99,NULL);
	insert into bestellungen values (23156,66115017,to_date('03.11.2000', 'dd.mm.yyyy'),to_date('07.11.2000', 'dd.mm.yyyy'),90,NULL);
	insert into bestellungen values (23157,66128045,to_date('02.11.2000', 'dd.mm.yyyy'),to_date('06.11.2000', 'dd.mm.yyyy'),170,NULL);
	insert into bestellungen values (23158,66111019,to_date('28.10.2000', 'dd.mm.yyyy'),to_date('03.11.2000', 'dd.mm.yyyy'),900,NULL);
	insert into bestellungen values (23159,66386015,to_date('03.11.2000', 'dd.mm.yyyy'),to_date('12.11.2000', 'dd.mm.yyyy'),110,NULL);
	insert into bestellungen values (23160,66280006,to_date('10.11.2000', 'dd.mm.yyyy'),to_date('01.12.2000', 'dd.mm.yyyy'),2850,NULL);
	insert into bestellungen values (23161,66111056,to_date('07.11.2000', 'dd.mm.yyyy'),to_date('13.11.2000', 'dd.mm.yyyy'),2194,NULL);
	insert into bestellungen values (23162,68229034,to_date('06.11.2000', 'dd.mm.yyyy'),to_date('10.11.2000', 'dd.mm.yyyy'),243,NULL);
	insert into bestellungen values (23163,66386101,to_date('01.11.2000', 'dd.mm.yyyy'),to_date('05.11.2000', 'dd.mm.yyyy'),296,NULL);
	insert into bestellungen values (23164,58829012,to_date('09.11.2000', 'dd.mm.yyyy'),to_date('13.11.2000', 'dd.mm.yyyy'),84,NULL);
	insert into bestellungen values (23165,68542013,to_date('27.11.2000', 'dd.mm.yyyy'),to_date('18.12.2000', 'dd.mm.yyyy'),729,NULL);
	insert into bestellungen values (23166,66424005,to_date('03.11.2000', 'dd.mm.yyyy'),to_date('06.11.2000', 'dd.mm.yyyy'),46,NULL);
	insert into bestellungen values (23167,66115017,to_date('11.11.2000', 'dd.mm.yyyy'),to_date('15.11.2000', 'dd.mm.yyyy'),293,NULL);
	insert into bestellungen values (23168,66280004,to_date('10.11.2000', 'dd.mm.yyyy'),to_date('15.11.2000', 'dd.mm.yyyy'),65,NULL);
	insert into bestellungen values (23169,66386011,to_date('05.11.2000', 'dd.mm.yyyy'),to_date('10.11.2000', 'dd.mm.yyyy'),183,NULL);
	insert into bestellungen values (23170,66299110,to_date('03.11.2000', 'dd.mm.yyyy'),to_date('17.11.2000', 'dd.mm.yyyy'),2500,NULL);
	insert into bestellungen values (23171,68229034,to_date('01.11.2000', 'dd.mm.yyyy'),to_date('06.11.2000', 'dd.mm.yyyy'),456,NULL);
	insert into bestellungen values (23172,66424007,to_date('03.11.2000', 'dd.mm.yyyy'),to_date('17.11.2000', 'dd.mm.yyyy'),65,NULL);
	insert into bestellungen values (23173,66424021,to_date('01.11.2000', 'dd.mm.yyyy'),to_date('05.11.2000', 'dd.mm.yyyy'),276,NULL);
	insert into bestellungen values (23174,66128045,to_date('25.10.2000', 'dd.mm.yyyy'),to_date('01.11.2000', 'dd.mm.yyyy'),188,NULL);
	insert into bestellungen values (23175,68229009,to_date('04.11.2000', 'dd.mm.yyyy'),to_date('18.11.2000', 'dd.mm.yyyy'),280,NULL);
	insert into bestellungen values (23176,58829043,to_date('09.11.2000', 'dd.mm.yyyy'),to_date('14.11.2000', 'dd.mm.yyyy'),298,NULL);
	insert into bestellungen values (23177,66386011,to_date('02.11.2000', 'dd.mm.yyyy'),to_date('17.11.2000', 'dd.mm.yyyy'),41,NULL);
	insert into bestellungen values (23178,66299110,to_date('13.11.2000', 'dd.mm.yyyy'),to_date('19.11.2000', 'dd.mm.yyyy'),156,NULL);
	insert into bestellungen values (23179,66111023,to_date('11.11.2000', 'dd.mm.yyyy'),to_date('16.11.2000', 'dd.mm.yyyy'),138,NULL);
	insert into bestellungen values (23180,58829021,to_date('09.11.2000', 'dd.mm.yyyy'),to_date('20.11.2000', 'dd.mm.yyyy'),104,NULL);
	insert into bestellungen values (23181,68229031,to_date('09.11.2000', 'dd.mm.yyyy'),to_date('13.11.2000', 'dd.mm.yyyy'),75,NULL);
	insert into bestellungen values (23182,68229034,to_date('28.10.2000', 'dd.mm.yyyy'),to_date('06.11.2000', 'dd.mm.yyyy'),1000,NULL);
	insert into bestellungen values (23183,58829032,to_date('03.11.2000', 'dd.mm.yyyy'),to_date('08.11.2000', 'dd.mm.yyyy'),544,NULL);
	insert into bestellungen values (23184,68542037,to_date('01.11.2000', 'dd.mm.yyyy'),to_date('05.11.2000', 'dd.mm.yyyy'),272,NULL);
	insert into bestellungen values (23185,66299018,to_date('08.11.2000', 'dd.mm.yyyy'),to_date('12.11.2000', 'dd.mm.yyyy'),272,NULL);

	insert into bestelldaten values (23176,50001006,1);
	insert into bestelldaten values (23160,10002510,1);
	insert into bestelldaten values (23170,10003510,1);
	insert into bestelldaten values (23167,20001016,1);
	insert into bestelldaten values (23167,20002030,1);
	insert into bestelldaten values (23167,20003013,1);
	insert into bestelldaten values (23168,20001116,1);
	insert into bestelldaten values (23169,20003019,1);
	insert into bestelldaten values (23169,20001016,1);
	insert into bestelldaten values (23171,20002030,2);
	insert into bestelldaten values (23171,20003013,2);
	insert into bestelldaten values (23172,20001116,1);
	insert into bestelldaten values (23173,20003019,1);
	insert into bestelldaten values (23175,50001104,1);
	insert into bestelldaten values (23175,50001406,1);
	insert into bestelldaten values (23173,20004004,1);
	insert into bestelldaten values (23177,20004104,1);
	insert into bestelldaten values (23178,20004002,1);
	insert into bestelldaten values (23178,20004010,1);
	insert into bestelldaten values (23179,20002512,1);
	insert into bestelldaten values (23179,20002506,1);
	insert into bestelldaten values (23158,20101000,1);
	insert into bestelldaten values (23153,10105518,1);
	insert into bestelldaten values (23161,10106518,1);
	insert into bestelldaten values (23158,10205010,1);
	insert into bestelldaten values (23151,10303040,1);
	insert into bestelldaten values (23151,10303041,2);
	insert into bestelldaten values (23151,10303042,1);
	insert into bestelldaten values (23151,10303043,1);
	insert into bestelldaten values (23164,90001060,3);
	insert into bestelldaten values (23153,90001075,2);
	insert into bestelldaten values (23154,90001080,3);
	insert into bestelldaten values (23155,90001085,1);
	insert into bestelldaten values (23155,90001070,2);
	insert into bestelldaten values (23156,90002125,1);
	insert into bestelldaten values (23157,90002150,1);
	insert into bestelldaten values (23159,90002225,1);
	insert into bestelldaten values (23152,90002250,2);
	insert into bestelldaten values (23161,50001905,1);
	insert into bestelldaten values (23161,50001706,1);
	insert into bestelldaten values (23161,50002308,1);
	insert into bestelldaten values (23162,50002308,1);
	insert into bestelldaten values (23165,50002308,3);
	insert into bestelldaten values (23163,90001061,2);
	insert into bestelldaten values (23163,20205010,1);
	insert into bestelldaten values (23166,20205010,1);
	insert into bestelldaten values (23180,20002520,1);
	insert into bestelldaten values (23181,20002510,1);
	insert into bestelldaten values (23182,50002608,1);
	insert into bestelldaten values (23182,50002708,1);
	insert into bestelldaten values (23182,50002808,1);
	insert into bestelldaten values (23182,50002908,1);
	insert into bestelldaten values (23183,50002608,1);
	insert into bestelldaten values (23183,50002708,1);
	insert into bestelldaten values (23184,50002808,1);
	insert into bestelldaten values (23185,50002908,1);
	insert into bestelldaten values (23173,50003302,1);
	insert into bestelldaten values (23174,50004302,2);
  
  commit;